{
    "котенок": 1.106644630432129,
    "собачка": 1.2911906242370605,
    "спорт": 0.15260791778564453,
    "sports": 0.11074686050415039,
    "beauty": 0.11552882194519043,
    "boobs": 0.1249539852142334,
    "cosmetology": 0.1285398006439209,
    "soccer": 0.10173773765563965,
    "anime": 0.11913108825683594,
    "аниме": 0.155503511428833,
    "kiss": 0.11474108695983887,
    "russia": 0.9293432235717773,
    "dancing": 0.10872268676757812,
    "flowers": 0.10225772857666016,
    "cat": 0.11152482032775879,
    "stalker": 0.14542269706726074,
    "romantic": 0.11388611793518066,
    "millionaires": 0.1057426929473877,
    "makeup": 0.11037087440490723,
    "girls": 0.1157994270324707,
    "dog": 0.10014152526855469,
    "flower": 0.14768433570861816,
    "gym": 0.1110372543334961,
    "supermarket": 0.1355571746826172,
    "bikini": 2.683734893798828,
    "painting": 0.15620994567871094,
    "english": 0.1738417148590088,
    "cartoons": 0.13670873641967773,
    "dating": 0.1471099853515625,
    "россия": 0.22052645683288574,
    "купальник": 0.1750776767730713,
    "москва": 0.15873312950134277,
    "санкт-петербург": 0.17945480346679688,
    "питер": 0.15382623672485352,
    "бычок": 0.14255118370056152,
    "обувь": 0.1557013988494873,
    "lion": 10.435650825500488
}