{
    "котенок": 1.106644630432129,
    "собачка": 1.2911906242370605,
    "спорт": 0.15260791778564453,
    "sports": 0.11074686050415039,
    "beauty": 0.11552882194519043,
    "boobs": 0.1249539852142334,
    "cosmetology": 0.1285398006439209,
    "soccer": 0.10173773765563965,
    "anime": 0.11913108825683594,
    "аниме": 0.155503511428833,
    "kiss": 0.11474108695983887,
    "russia": 0.1202695369720459,
    "dancing": 0.10872268676757812,
    "flowers": 0.10225772857666016,
    "cat": 0.4922487735748291,
    "stalker": 0.14542269706726074,
    "romantic": 0.11388611793518066,
    "millionaires": 0.1057426929473877,
    "makeup": 0.11037087440490723,
    "girls": 0.1157994270324707,
    "dog": 0.10014152526855469,
    "flower": 0.14768433570861816,
    "gym": 0.1110372543334961,
    "supermarket": 0.1355571746826172,
    "bikini": 0.7565908432006836,
    "painting": 0.15620994567871094,
    "english": 0.1738417148590088,
    "cartoons": 0.13670873641967773,
    "dating": 0.1471099853515625,
    "россия": 0.22052645683288574,
    "купальник": 0.2037513256072998,
    "москва": 0.15873312950134277,
    "санкт-петербург": 0.17945480346679688,
    "питер": 0.15382623672485352,
    "бычок": 0.14255118370056152,
    "обувь": 0.1557013988494873,
    "lion": 10.435650825500488,
    "kitten": 0.13350558280944824,
    "bra": 0.14381909370422363,
    "бикини": 0.18336892127990723,
    "котик": 0.14128398895263672,
    "carwash": 0.1347506046295166,
    "pool": 0.11266160011291504,
    "Rick and Morty": 0.15061187744140625,
    "nails": 0.1150975227355957,
    "books": 8.300572872161865,
    "poets": 0.9582908153533936,
    "travel": 0.2055377960205078,
    "America": 0.3147919178009033,
    "robots": 0.22558116912841797,
    "i love dogs": 0.16988921165466309,
    "how to drive": 0.3785543441772461,
    "nostalgy over 90s": 0.3341710567474365,
    "beauty care": 0.13573360443115234,
    "уход за собой": 0.18822860717773438,
    "ксго": 0.14876484870910645,
    "school uniform in japan": 0.14777302742004395,
    "school uniform in the us": 0.14661550521850586,
    "africa": 0.10845613479614258,
    "игрушки": 0.1655263900756836,
    "знаки зодиака": 0.19496393203735352,
    "козерог": 0.15375161170959473,
    "fashion bags": 0.13721513748168945,
    "happiness": 0.11033201217651367,
    "kids": 0.11191701889038086,
    "aqua mosaics": 0.13477230072021484,
    "aqua beads": 0.13246893882751465
}