{
    "котенок": 1.106644630432129,
    "собачка": 1.2911906242370605,
    "спорт": 0.15260791778564453,
    "sports": 0.11074686050415039,
    "beauty": 0.12967562675476074,
    "boobs": 0.13629722595214844,
    "cosmetology": 0.1285398006439209,
    "soccer": 0.10173773765563965,
    "anime": 0.1260547637939453,
    "аниме": 0.155503511428833,
    "kiss": 0.11474108695983887,
    "russia": 0.10549259185791016,
    "dancing": 0.10872268676757812,
    "flowers": 0.10225772857666016,
    "cat": 1.7264368534088135,
    "stalker": 0.11555027961730957,
    "romantic": 0.11388611793518066,
    "millionaires": 0.1057426929473877,
    "makeup": 0.11037087440490723,
    "girls": 0.10155820846557617,
    "dog": 0.10014152526855469
}