{
    "котенок": 1.106644630432129,
    "собачка": 1.2911906242370605
}